{
	"start":	{
		"connected":	[{
				"socket":	5,
				"local_host":	"127.0.0.1",
				"local_port":	53040,
				"remote_host":	"127.0.0.1",
				"remote_port":	5201
			}],
		"version":	"iperf 3.9",
		"system_info":	"Linux hostname 6.8.0-52-generic #53~22.04.1-Ubuntu SMP PREEMPT_DYNAMIC Wed Jan 15 19:18:46 UTC 2 x86_64",
		"timestamp":	{
			"time":	"Fri, 07 Feb 2025 13:37:23 GMT",
			"timesecs":	1738935443
		},
		"connecting_to":	{
			"host":	"localhost",
			"port":	5201
		},
		"cookie":	"qqkteogrne2t6cilz6b7u3r7xr6ul3algsww",
		"tcp_mss_default":	32768,
		"sock_bufsize":	0,
		"sndbuf_actual":	16384,
		"rcvbuf_actual":	131072,
		"test_start":	{
			"protocol":	"TCP",
			"num_streams":	1,
			"blksize":	131072,
			"omit":	0,
			"duration":	10,
			"bytes":	0,
			"blocks":	0,
			"reverse":	0,
			"tos":	0
		}
	},
  "intervals":	[{
			"streams":	[{
					"socket":	5,
					"start":	0,
					"end":	1.000152,
					"seconds":	1.0001519918441772,
					"bytes":	7632322560,
					"bits_per_second":	61049301484.0817,
					"retransmits":	0,
					"snd_cwnd":	2684803,
					"rtt":	18,
					"rttvar":	5,
					"pmtu":	65535,
					"omitted":	false,
					"sender":	true
				}],
			"sum":	{
				"start":	0,
				"end":	1.000152,
				"seconds":	1.0001519918441772,
				"bytes":	7632322560,
				"bits_per_second":	61049301484.0817,
				"retransmits":	0,
				"omitted":	false,
				"sender":	true
			}
		}, {
			"streams":	[{
					"socket":	5,
					"start":	1.000152,
					"end":	2.000098,
					"seconds":	0.9999459981918335,
					"bytes":	7516979200,
					"bits_per_second":	60139081219.1273,
					"retransmits":	0,
					"snd_cwnd":	2684803,
					"rtt":	19,
					"rttvar":	5,
					"pmtu":	65535,
					"omitted":	false,
					"sender":	true
				}],
			"sum":	{
				"start":	1.000152,
				"end":	2.000098,
				"seconds":	0.9999459981918335,
				"bytes":	7516979200,
				"bits_per_second":	60139081219.1273,
				"retransmits":	0,
				"omitted":	false,
				"sender":	true
			}
		}, {
			"streams":	[{
					"socket":	5,
					"start":	2.000098,
					"end":	3.000051,
					"seconds":	0.99995297193527222,
					"bytes":	7363624960,
					"bits_per_second":	58911770186.541557,
					"retransmits":	0,
					"snd_cwnd":	2684803,
					"rtt":	19,
					"rttvar":	6,
					"pmtu":	65535,
					"omitted":	false,
					"sender":	true
				}],
			"sum":	{
				"start":	2.000098,
				"end":	3.000051,
				"seconds":	0.99995297193527222,
				"bytes":	7363624960,
				"bits_per_second":	58911770186.541557,
				"retransmits":	0,
				"omitted":	false,
				"sender":	true
			}
		}, {
			"streams":	[{
					"socket":	5,
					"start":	3.000051,
					"end":	4.000039,
					"seconds":	0.9999880194664,
					"bytes":	7577272320,
					"bits_per_second":	60618904806.825821,
					"retransmits":	0,
					"snd_cwnd":	2684803,
					"rtt":	22,
					"rttvar":	5,
					"pmtu":	65535,
					"omitted":	false,
					"sender":	true
				}],
			"sum":	{
				"start":	3.000051,
				"end":	4.000039,
				"seconds":	0.9999880194664,
				"bytes":	7577272320,
				"bits_per_second":	60618904806.825821,
				"retransmits":	0,
				"omitted":	false,
				"sender":	true
			}
		}, {
			"streams":	[{
					"socket":	5,
					"start":	4.000039,
					"end":	5.000074,
					"seconds":	1.0000350475311279,
					"bytes":	7686062080,
					"bits_per_second":	61486341695.525482,
					"retransmits":	0,
					"snd_cwnd":	2684803,
					"rtt":	19,
					"rttvar":	6,
					"pmtu":	65535,
					"omitted":	false,
					"sender":	true
				}],
			"sum":	{
				"start":	4.000039,
				"end":	5.000074,
				"seconds":	1.0000350475311279,
				"bytes":	7686062080,
				"bits_per_second":	61486341695.525482,
				"retransmits":	0,
				"omitted":	false,
				"sender":	true
			}
		}, {
			"streams":	[{
					"socket":	5,
					"start":	5.000074,
					"end":	6.000023,
					"seconds":	0.99994897842407227,
					"bytes":	7728005120,
					"bits_per_second":	61827195480.948631,
					"retransmits":	0,
					"snd_cwnd":	2684803,
					"rtt":	20,
					"rttvar":	6,
					"pmtu":	65535,
					"omitted":	false,
					"sender":	true
				}],
			"sum":	{
				"start":	5.000074,
				"end":	6.000023,
				"seconds":	0.99994897842407227,
				"bytes":	7728005120,
				"bits_per_second":	61827195480.948631,
				"retransmits":	0,
				"omitted":	false,
				"sender":	true
			}
		}, {
			"streams":	[{
					"socket":	5,
					"start":	6.000023,
					"end":	7.000041,
					"seconds":	1.0000180006027222,
					"bytes":	7669022720,
					"bits_per_second":	61351077403.629082,
					"retransmits":	0,
					"snd_cwnd":	2684803,
					"rtt":	19,
					"rttvar":	5,
					"pmtu":	65535,
					"omitted":	false,
					"sender":	true
				}],
			"sum":	{
				"start":	6.000023,
				"end":	7.000041,
				"seconds":	1.0000180006027222,
				"bytes":	7669022720,
				"bits_per_second":	61351077403.629082,
				"retransmits":	0,
				"omitted":	false,
				"sender":	true
			}
		}, {
			"streams":	[{
					"socket":	5,
					"start":	7.000041,
					"end":	8.000008,
					"seconds":	0.99996697902679443,
					"bytes":	7640186880,
					"bits_per_second":	61123513397.89814,
					"retransmits":	0,
					"snd_cwnd":	2684803,
					"rtt":	20,
					"rttvar":	6,
					"pmtu":	65535,
					"omitted":	false,
					"sender":	true
				}],
			"sum":	{
				"start":	7.000041,
				"end":	8.000008,
				"seconds":	0.99996697902679443,
				"bytes":	7640186880,
				"bits_per_second":	61123513397.89814,
				"retransmits":	0,
				"omitted":	false,
				"sender":	true
			}
		}, {
			"streams":	[{
					"socket":	5,
					"start":	8.000008,
					"end":	9.000014,
					"seconds":	1.0000059604644775,
					"bytes":	7649361920,
					"bits_per_second":	61194530612.174065,
					"retransmits":	0,
					"snd_cwnd":	2684803,
					"rtt":	20,
					"rttvar":	6,
					"pmtu":	65535,
					"omitted":	false,
					"sender":	true
				}],
			"sum":	{
				"start":	8.000008,
				"end":	9.000014,
				"seconds":	1.0000059604644775,
				"bytes":	7649361920,
				"bits_per_second":	61194530612.174065,
				"retransmits":	0,
				"omitted":	false,
				"sender":	true
			}
		}, {
			"streams":	[{
					"socket":	5,
					"start":	9.000014,
					"end":	10.00018,
					"seconds":	1.0001660585403442,
					"bytes":	7703101440,
					"bits_per_second":	61614579892.79908,
					"retransmits":	0,
					"snd_cwnd":	2684803,
					"rtt":	19,
					"rttvar":	6,
					"pmtu":	65535,
					"omitted":	false,
					"sender":	true
				}],
			"sum":	{
				"start":	9.000014,
				"end":	10.00018,
				"seconds":	1.0001660585403442,
				"bytes":	7703101440,
				"bits_per_second":	61614579892.79908,
				"retransmits":	0,
				"omitted":	false,
				"sender":	true
			}
		}],
	"end":	{
		"streams":	[{
				"sender":	{
					"socket":	5,
					"start":	0,
					"end":	10.00018,
					"seconds":	10.00018,
					"bytes":	76165939200,
					"bits_per_second":	60931654590.217377,
					"retransmits":	0,
					"max_snd_cwnd":	2684803,
					"max_rtt":	22,
					"min_rtt":	18,
					"mean_rtt":	19,
					"sender":	true
				},
				"receiver":	{
					"socket":	5,
					"start":	0,
					"end":	10.040628,
					"seconds":	10.00018,
					"bytes":	76165939200,
					"bits_per_second":	60686195484.983612,
					"sender":	true
				}
			}],
		"sum_sent":	{
			"start":	0,
			"end":	10.00018,
			"seconds":	10.00018,
			"bytes":	76165939200,
			"bits_per_second":	60931654590.217377,
			"retransmits":	0,
			"sender":	true
		},
		"sum_received":	{
			"start":	0,
			"end":	10.040628,
			"seconds":	10.040628,
			"bytes":	76165939200,
			"bits_per_second":	60686195484.983612,
			"sender":	true
		},
		"cpu_utilization_percent":	{
			"host_total":	99.58808840705133,
			"host_user":	0.662918980040717,
			"host_system":	98.9251694270106,
			"remote_total":	67.672315389715,
			"remote_user":	3.1828122671211947,
			"remote_system":	64.4895119678422
		},
		"sender_tcp_congestion":	"cubic",
		"receiver_tcp_congestion":	"cubic"
	}
}
